{"n_opponents": 111, "n_sets": [3, 37, 57, 78, 52, 136, 44, 44, 5, 3, 12, 11, 13, 26, 13, 7, 11, 41, 4, 46, 3, 20, 12, 3, 31, 38, 4, 4, 96, 44, 10, 28, 3, 51, 23, 115, 5, 16, 9, 249, 5, 62, 26, 67, 15, 15, 28, 18, 82, 88, 7, 3, 136, 44, 79, 283, 188, 9, 4, 14, 12, 44, 121, 15, 315, 152, 24, 32, 35, 40, 22, 80, 5, 56, 8, 3, 5, 149, 9, 15, 112, 4, 19, 5, 3, 46, 35, 37, 9, 8, 411, 28, 49, 10, 3, 31, 12, 43, 6, 3, 5, 3, 59, 8, 14, 25, 16, 14, 14, 24, 3], "n_sets_won": [0, 10, 26, 10, 14, 32, 5, 16, 2, 0, 3, 4, 1, 5, 4, 1, 9, 9, 1, 20, 0, 5, 6, 0, 12, 26, 3, 1, 22, 21, 6, 4, 0, 15, 15, 28, 2, 12, 5, 84, 3, 26, 12, 30, 3, 12, 18, 7, 52, 54, 1, 3, 81, 29, 35, 164, 101, 6, 3, 12, 6, 7, 70, 12, 173, 77, 15, 8, 23, 14, 15, 46, 3, 38, 6, 3, 3, 79, 6, 5, 49, 3, 12, 3, 0, 26, 26, 17, 6, 6, 192, 24, 31, 7, 0, 12, 8, 26, 6, 3, 2, 3, 28, 6, 2, 12, 6, 10, 7, 15, 3], "n_serves": [26, 326, 569, 666, 460, 1195, 374, 401, 46, 29, 114, 100, 115, 239, 111, 60, 101, 367, 36, 457, 30, 181, 102, 24, 289, 355, 41, 38, 861, 449, 92, 253, 26, 482, 207, 1042, 47, 158, 76, 2286, 37, 573, 233, 623, 136, 146, 256, 173, 757, 833, 61, 32, 1279, 409, 740, 2635, 1829, 86, 33, 131, 109, 389, 1186, 141, 2976, 1403, 226, 280, 331, 354, 201, 755, 43, 544, 77, 27, 47, 1404, 85, 135, 1059, 37, 182, 44, 27, 435, 338, 333, 81, 77, 3843, 259, 486, 92, 29, 296, 101, 374, 53, 30, 48, 27, 554, 83, 127, 243, 157, 141, 127, 214, 25], "n_serves_won": [13, 166, 317, 271, 208, 482, 168, 201, 24, 14, 55, 45, 51, 113, 54, 20, 58, 181, 17, 237, 15, 95, 54, 9, 144, 199, 22, 16, 398, 235, 50, 111, 13, 243, 120, 464, 20, 95, 38, 1117, 18, 293, 114, 306, 58, 79, 138, 83, 422, 439, 30, 19, 715, 237, 383, 1383, 940, 41, 25, 77, 55, 160, 613, 75, 1575, 737, 121, 126, 187, 160, 103, 436, 26, 304, 53, 12, 25, 757, 51, 66, 531, 20, 98, 24, 9, 234, 197, 168, 47, 43, 1986, 161, 265, 51, 13, 157, 52, 201, 36, 21, 27, 16, 273, 47, 58, 143, 80, 81, 62, 117, 19], "n_serves_lost": [13, 160, 252, 395, 252, 713, 206, 200, 22, 15, 59, 55, 64, 126, 57, 40, 43, 186, 19, 220, 15, 86, 48, 15, 145, 156, 19, 22, 463, 214, 42, 142, 13, 239, 87, 578, 27, 63, 38, 1169, 19, 280, 119, 317, 78, 67, 118, 90, 335, 394, 31, 13, 564, 172, 357, 1252, 889, 45, 8, 54, 54, 229, 573, 66, 1401, 666, 105, 154, 144, 194, 98, 319, 17, 240, 24, 15, 22, 647, 34, 69, 528, 17, 84, 20, 18, 201, 141, 165, 34, 34, 1857, 98, 221, 41, 16, 139, 49, 173, 17, 9, 21, 11, 281, 36, 69, 100, 77, 60, 65, 97, 6], "serves_ratio": [0.5, 0.50920245398773, 0.5571177504393673, 0.4069069069069069, 0.45217391304347826, 0.40334728033472805, 0.44919786096256686, 0.5012468827930174, 0.5217391304347826, 0.4827586206896552, 0.4824561403508772, 0.45, 0.4434782608695652, 0.47280334728033474, 0.4864864864864865, 0.3333333333333333, 0.5742574257425742, 0.49318801089918257, 0.4722222222222222, 0.5185995623632386, 0.5, 0.5248618784530387, 0.5294117647058824, 0.375, 0.4982698961937716, 0.5605633802816902, 0.5365853658536586, 0.42105263157894735, 0.462253193960511, 0.5233853006681515, 0.5434782608695652, 0.43873517786561267, 0.5, 0.504149377593361, 0.5797101449275363, 0.44529750479846447, 0.425531914893617, 0.6012658227848101, 0.5, 0.4886264216972878, 0.4864864864864865, 0.5113438045375218, 0.4892703862660944, 0.4911717495987159, 0.4264705882352941, 0.541095890410959, 0.5390625, 0.4797687861271676, 0.5574636723910171, 0.5270108043217286, 0.4918032786885246, 0.59375, 0.5590304925723222, 0.5794621026894865, 0.5175675675675676, 0.5248576850094877, 0.5139420448332422, 0.47674418604651164, 0.7575757575757576, 0.5877862595419847, 0.5045871559633027, 0.41131105398457585, 0.5168634064080945, 0.5319148936170213, 0.5292338709677419, 0.5253029223093372, 0.5353982300884956, 0.45, 0.5649546827794562, 0.4519774011299435, 0.5124378109452736, 0.5774834437086093, 0.6046511627906976, 0.5588235294117647, 0.6883116883116883, 0.4444444444444444, 0.5319148936170213, 0.5391737891737892, 0.6, 0.4888888888888889, 0.5014164305949008, 0.5405405405405406, 0.5384615384615384, 0.5454545454545454, 0.3333333333333333, 0.5379310344827586, 0.5828402366863905, 0.5045045045045045, 0.5802469135802469, 0.5584415584415584, 0.516783762685402, 0.6216216216216216, 0.5452674897119342, 0.5543478260869565, 0.4482758620689655, 0.5304054054054054, 0.5148514851485149, 0.5374331550802139, 0.6792452830188679, 0.7, 0.5625, 0.5925925925925926, 0.4927797833935018, 0.5662650602409639, 0.4566929133858268, 0.588477366255144, 0.5095541401273885, 0.574468085106383, 0.4881889763779528, 0.5467289719626168, 0.76]}